foreground_input,quantity,unit,database,release,dataset_id,dataset_version,dataset_name,geography,reference_unit,conversion_factor,source_url,retrieved_at_utc,source_sha256,alternatives_considered,selection_reason,proxy_or_exact,unresolved_gap
M01 Stainless steel (material),0.186,kg,USLCI via Federal LCA Commons Commons Merged,Commons Merged repository commit 4a8936c4f699b98c5dd5e75757a726de4adc4150,49f5324b-fc33-36e9-b5af-3c80d73492bd,00.01.014 (valid 2007-2011),Steel; stainless 304; flat rolled coil,Northern America,1.0 kg,1,https://api.nal.usda.gov/FederalLCACommonsapi/browse/Federal_LCA_Commons/commons_merged/PROCESS/49f5324b-fc33-36e9-b5af-3c80d73492bd,2026-10-08T05:51:00Z,ae9590f473fc7466a5167dfcbbb6e500a8bb939819f7eab9aaf86a68b411ee22,Steel; stainless 304; quarto plate (Northern America),Kettle body is formed from thin sheet; flat rolled coil is closer than quarto plate. Grade 304 assumed (grade not given in BOM).,sourced,
M02 Polypropylene (PP) (material),0.3621585,kg,USLCI via Federal LCA Commons Commons Merged,Commons Merged repository commit 4a8936c4f699b98c5dd5e75757a726de4adc4150,2e8facf6-46aa-4ddb-95de-a4e2a00eb2bb,00.01.012 (valid 2014-2016),"Polypropylene, PP; virgin resin; at plant",Northern America,1.0 kg,1,https://api.nal.usda.gov/FederalLCACommonsapi/browse/Federal_LCA_Commons/commons_merged/PROCESS/2e8facf6-46aa-4ddb-95de-a4e2a00eb2bb,2026-10-08T05:51:00Z,ae9590f473fc7466a5167dfcbbb6e500a8bb939819f7eab9aaf86a68b411ee22,"Recycled postconsumer polypropylene, PP, pellet; Thermoforming; rigid polypropylene part",Virgin resin via the injection molding dataset; recycled content not stated in BOM.,sourced,
M03 Polyvinyl chloride (PVC) (material),0.0435,kg,USLCI via Federal LCA Commons Commons Merged,Commons Merged repository commit 4a8936c4f699b98c5dd5e75757a726de4adc4150,3dbccdda-2014-4239-ad1f-4e15c034942b,00.01.015 (valid 2022-2022),"Polyvinyl chloride resin, PVC; suspension grade; at plant",United States of America (the),1.0 kg,1,https://api.nal.usda.gov/FederalLCACommonsapi/browse/Federal_LCA_Commons/commons_merged/PROCESS/3dbccdda-2014-4239-ad1f-4e15c034942b,2026-10-08T05:51:00Z,ae9590f473fc7466a5167dfcbbb6e500a8bb939819f7eab9aaf86a68b411ee22,none found besides PVC roofing membranes,Only PVC resin dataset in the package.,sourced,
M04 Acrylonitrile-butadiene-styrene (ABS) (material),0.030,kg,USLCI via Federal LCA Commons Commons Merged,Commons Merged repository commit 4a8936c4f699b98c5dd5e75757a726de4adc4150,0e42a306-ee2d-362e-8bc3-580000096459,00.01.010 (valid 2015-2016),"Acrylonitrile-butadiene-styrene, ABS; copolymer resin; at plant",Northern America,1.0 kg,1,https://api.nal.usda.gov/FederalLCACommonsapi/browse/Federal_LCA_Commons/commons_merged/PROCESS/0e42a306-ee2d-362e-8bc3-580000096459,2026-10-08T05:51:00Z,ae9590f473fc7466a5167dfcbbb6e500a8bb939819f7eab9aaf86a68b411ee22,Acrylonitrile; at plant (monomer only),Copolymer resin dataset matches the material.,sourced,
M05 LDPE packaging foil (material),0.0063,kg,USLCI via Federal LCA Commons Commons Merged,Commons Merged repository commit 4a8936c4f699b98c5dd5e75757a726de4adc4150,6a12cba1-889d-4515-90f8-89feb8d662f2,00.01.012 (valid 2014-2016),"Low-density polyethylene, LDPE; virgin resin; at plant",Northern America,1.0 kg,1,https://api.nal.usda.gov/FederalLCACommonsapi/browse/Federal_LCA_Commons/commons_merged/PROCESS/6a12cba1-889d-4515-90f8-89feb8d662f2,2026-10-08T05:51:00Z,ae9590f473fc7466a5167dfcbbb6e500a8bb939819f7eab9aaf86a68b411ee22,"Linear low-density polyethylene, LLDPE; Stretch film, LLDPE",BOM states LDPE foil; LDPE resin plus generic extrusion.,sourced,
M06 Cardboard packaging (material),0.1315,kg,USLCI via Federal LCA Commons Commons Merged,Commons Merged repository commit 4a8936c4f699b98c5dd5e75757a726de4adc4150,226ed3c2-e020-4c95-b1fc-4559fc2d18ac,00.01.008 (valid 2013-2014),Corrugated product; average production; at mill,United States of America (the),1.0 kg,1,https://api.nal.usda.gov/FederalLCACommonsapi/browse/Federal_LCA_Commons/commons_merged/PROCESS/226ed3c2-e020-4c95-b1fc-4559fc2d18ac,2026-10-08T05:51:00Z,ae9590f473fc7466a5167dfcbbb6e500a8bb939819f7eab9aaf86a68b411ee22,Corrugated product; 100% recycled; at mill,Average production chosen; recycled share not stated in BOM.,sourced,
M07 Brass (material),0.02025,kg,TianGong (pending),,,,,,,,,,,USLCI query: brass|zinc,,pending,No physical brass dataset; zinc datasets only. TianGong search pending.
M08 Copper (material),0.015,kg,TianGong (pending),,,,,,,,,,,USLCI query: copper,,pending,"Only 'Copper; at storage Bridge; USLCI to USEEIO' (monetary, unresolved in Commons Merged). TianGong pending."
"M09 Nylon, grade unspecified (material)",0.0495,kg,TianGong (pending),,,,,,,,,,,USLCI query: nylon|polyamide,,pending,Only Nylon 6/66 USEEIO bridges; grade not decided. TianGong pending.
M10 Polyoxymethylene (POM) (material),0.00975,kg,TianGong (pending),,,,,,,,,,,USLCI query: polyoxymethylene|acetal|pom,,pending,No POM dataset. TianGong pending.
M11 Polycarbonate (PC) (material),0.00675,kg,TianGong (pending),,,,,,,,,,,USLCI query: polycarbonate,,pending,Only Polycarbonate USEEIO bridge. TianGong pending.
M12 Silicone (material),0.012,kg,TianGong (pending),,,,,,,,,,,USLCI query: silicone|siloxane|silicon,,pending,No silicone dataset. TianGong pending.
C01 Polypropylene (PP) (conversion),0.35025,kg,USLCI via Federal LCA Commons Commons Merged,Commons Merged repository commit 4a8936c4f699b98c5dd5e75757a726de4adc4150,89a2b59a-1ca2-34f5-acc8-a8eaaa6fa870,00.00.022 (valid 2009-2009),Injection molding; rigid polypropylene part; at plant,United States of America (the),1.0 kg,1,https://api.nal.usda.gov/FederalLCACommonsapi/browse/Federal_LCA_Commons/commons_merged/PROCESS/89a2b59a-1ca2-34f5-acc8-a8eaaa6fa870,2026-10-08T05:51:00Z,ae9590f473fc7466a5167dfcbbb6e500a8bb939819f7eab9aaf86a68b411ee22,,Conversion = molding dataset minus 1.034 kg PP resin per kg part. Molding energy and auxiliaries; resin reported under M02,sourced,
C02 Acrylonitrile-butadiene-styrene (ABS) (conversion),0.030,kg,USLCI via Federal LCA Commons Commons Merged,Commons Merged repository commit 4a8936c4f699b98c5dd5e75757a726de4adc4150,89a2b59a-1ca2-34f5-acc8-a8eaaa6fa870,00.00.022 (valid 2009-2009),Injection molding; rigid polypropylene part; at plant,United States of America (the),1.0 kg,1,https://api.nal.usda.gov/FederalLCACommonsapi/browse/Federal_LCA_Commons/commons_merged/PROCESS/89a2b59a-1ca2-34f5-acc8-a8eaaa6fa870,2026-10-08T05:51:00Z,ae9590f473fc7466a5167dfcbbb6e500a8bb939819f7eab9aaf86a68b411ee22,,Conversion = molding dataset minus 1.034 kg PP resin per kg part. PP injection molding used as proxy for ABS molding,proxy,
"C03 Nylon, grade unspecified (conversion)",0.0495,kg,USLCI via Federal LCA Commons Commons Merged,Commons Merged repository commit 4a8936c4f699b98c5dd5e75757a726de4adc4150,89a2b59a-1ca2-34f5-acc8-a8eaaa6fa870,00.00.022 (valid 2009-2009),Injection molding; rigid polypropylene part; at plant,United States of America (the),1.0 kg,1,https://api.nal.usda.gov/FederalLCACommonsapi/browse/Federal_LCA_Commons/commons_merged/PROCESS/89a2b59a-1ca2-34f5-acc8-a8eaaa6fa870,2026-10-08T05:51:00Z,ae9590f473fc7466a5167dfcbbb6e500a8bb939819f7eab9aaf86a68b411ee22,,Conversion = molding dataset minus 1.034 kg PP resin per kg part. PP injection molding used as proxy,proxy,
C04 Polyoxymethylene (POM) (conversion),0.00975,kg,USLCI via Federal LCA Commons Commons Merged,Commons Merged repository commit 4a8936c4f699b98c5dd5e75757a726de4adc4150,89a2b59a-1ca2-34f5-acc8-a8eaaa6fa870,00.00.022 (valid 2009-2009),Injection molding; rigid polypropylene part; at plant,United States of America (the),1.0 kg,1,https://api.nal.usda.gov/FederalLCACommonsapi/browse/Federal_LCA_Commons/commons_merged/PROCESS/89a2b59a-1ca2-34f5-acc8-a8eaaa6fa870,2026-10-08T05:51:00Z,ae9590f473fc7466a5167dfcbbb6e500a8bb939819f7eab9aaf86a68b411ee22,,Conversion = molding dataset minus 1.034 kg PP resin per kg part. PP injection molding used as proxy,proxy,
C05 Polycarbonate (PC) (conversion),0.00675,kg,USLCI via Federal LCA Commons Commons Merged,Commons Merged repository commit 4a8936c4f699b98c5dd5e75757a726de4adc4150,89a2b59a-1ca2-34f5-acc8-a8eaaa6fa870,00.00.022 (valid 2009-2009),Injection molding; rigid polypropylene part; at plant,United States of America (the),1.0 kg,1,https://api.nal.usda.gov/FederalLCACommonsapi/browse/Federal_LCA_Commons/commons_merged/PROCESS/89a2b59a-1ca2-34f5-acc8-a8eaaa6fa870,2026-10-08T05:51:00Z,ae9590f473fc7466a5167dfcbbb6e500a8bb939819f7eab9aaf86a68b411ee22,,Conversion = molding dataset minus 1.034 kg PP resin per kg part. PP injection molding used as proxy,proxy,
C06 Polyvinyl chloride (PVC) (conversion),0.0435,kg,USLCI via Federal LCA Commons Commons Merged,Commons Merged repository commit 4a8936c4f699b98c5dd5e75757a726de4adc4150,e2f66950-9bfb-4413-8ec7-7eb99afc268c,00.00.012 (valid 1990-2025),Extrusion; at plant,United States of America (the),1.0 kg,1,https://api.nal.usda.gov/FederalLCACommonsapi/browse/Federal_LCA_Commons/commons_merged/PROCESS/e2f66950-9bfb-4413-8ec7-7eb99afc268c,2026-10-08T05:51:00Z,ae9590f473fc7466a5167dfcbbb6e500a8bb939819f7eab9aaf86a68b411ee22,,PVC assumed to be extruded (cable insulation); component type not stated in BOM,assumed,
C07 LDPE packaging foil (conversion),0.0063,kg,USLCI via Federal LCA Commons Commons Merged,Commons Merged repository commit 4a8936c4f699b98c5dd5e75757a726de4adc4150,e2f66950-9bfb-4413-8ec7-7eb99afc268c,00.00.012 (valid 1990-2025),Extrusion; at plant,United States of America (the),1.0 kg,1,https://api.nal.usda.gov/FederalLCACommonsapi/browse/Federal_LCA_Commons/commons_merged/PROCESS/e2f66950-9bfb-4413-8ec7-7eb99afc268c,2026-10-08T05:51:00Z,ae9590f473fc7466a5167dfcbbb6e500a8bb939819f7eab9aaf86a68b411ee22,,Film extrusion represented by generic plastic extrusion,sourced,
