flow,reason,amount_in_supply_chain,unit
"Disposal, overburden; deposited",no provider,6.14822,
Fertilising; by broadcaster,no provider,3.64042,
"Tillage; cultivating, chiselling",no provider,1.81986,
"Water, reclaimed",no provider,0.749001,
"Disposal, waste; deposited",no provider,0.608172,
"Disposal, tailings; deposited",no provider,0.490898,
Old corrugated containers,no provider,0.0979283,
"Chips, softwood; green; at sawmill",no provider,0.0565387,
Fuel gas; produced onsite; at cracker,no provider,0.0465761,
"Disposal, industrial solid waste",no provider,0.044625,
"Disposal, secondary fuel",no provider,0.031217,
"Disposal, chemical waste; unspecified; to residual material landfill",no provider,0.0200813,
"Disposal, general plant waste; to unspecified treatment",no provider,0.0168364,
Compressed Gases,no provider,0.0161024,
Colorant; at plant,no provider,0.00865725,
"Disposal, spoil; deposited",no provider,0.00598315,
"Disposal, other solid waste from plant; to uns. land application",no provider,0.0058647,
Transport; combination truck; diesel powered,no provider,0.00331369,
"Disposal, solid waste; to underground deposit",no provider,0.00265852,
Energy; output,no provider,0.00257032,
"Disposal, other solid waste from plant; to uns. landfill",no provider,0.00253045,
"Disposal, wastewater treatment plant residuals; to unspecified land application",no provider,0.0024397,
"Energy; output, from gasoline",no provider,0.00242863,
"Disposal, solid waste; to incineration without energy recovery",no provider,0.00233139,
"Disposal, wastewater treatment plant residuals; to unspecified landfill",no provider,0.00225105,
Recovered paper; mixed,no provider,0.00197023,
Baling,no provider,0.00167446,
"Disposal, coal ash; to uns. beneficial use",no provider,0.00160675,
"Disposal, coal ash; to uns. landfill",no provider,0.00133494,
Corn products,no provider,0.00124485,
Recovered paper; pulp substitutes,no provider,0.00113761,
"Disposal, wood ash mixture; pure; 0% water; to uns. land application",no provider,0.00110733,
Application of plant protection products; by field sprayer,no provider,0.000997751,
Unspecified additive,no provider,0.000969543,
Disposal; hazardous waste,no provider,0.000862128,
Combine harvesting,no provider,0.000825374,
CORROSIVE WASTE,no provider,0.000823679,
"Disposal, wastewater treatment plant residuals; to unspecified beneficial use",no provider,0.000809576,
Recycled non-deinked pulp,no provider,0.000730137,
"Disposal, chemical waste; unspecified; to unspecified treatment",no provider,0.000693662,
