material,query,name,geography,year,type,n_exchanges,n_ghg_exchanges,has_lcia_results,placeholder_amounts,review,id,version,modified_at
M07 Brass,brass production,"Wind musical instruments manufacturing; Surface finishing, assembly, testing and packaging; Production mix, at plant (CN)",CN,2026,"Unit process, single operation",9,0,False,False,Not reviewed,dea0df3f-26a5-4b4e-b04f-69d8aab64639,01.01.000,2026-09-19T09:33:24.543676+00:00
M07 Brass,brass production,copper production; Primary copper，Hydrometallurgy，sulfide copper concentrates,CN,2010,"Unit process, single operation",13,1,False,False,Dependent internal review,675b5d99-b007-4505-a9ee-d980d781284d,01.01.001,2026-08-08T09:32:23.222098+00:00
M07 Brass,brass production,"Wind musical instruments components preparation; Incoming materials receiving and preparation; Production mix, at plant (CN)",CN,2026,"Unit process, single operation",2,0,False,False,Not reviewed,0433e745-1324-4aed-ac7c-e57f8334d6f5,01.01.000,2026-06-26T13:22:25.50162+00:00
M07 Brass,brass production,"Wind musical instruments parts fabrication; Metal forming and machining; Production mix, at plant (CN)",CN,2026,"Unit process, single operation",4,0,False,False,Not reviewed,acd90a4b-ed06-43f2-8af2-140f900cf0e3,01.01.000,2026-08-01T03:44:41.997049+00:00
M07 Brass,brass production,Manufacturing of brass plate and strip; Grade H62; at plant,CN-JX-SRS,2023,"Unit process, black box",53,2,False,False,Independent external review,6bf04663-ad5b-4897-bc56-c3fce1e2ad9d,01.01.000,2026-08-08T09:41:21.742833+00:00
M07 Brass,brass production,Manufacturing of brass plate and strip; Grade H66; at plant,CN-JX-SRS,2023,"Unit process, black box",53,2,False,False,Independent external review,584fbfaf-7aa8-469f-9c07-594955a6dbcb,01.01.000,2026-08-08T09:40:52.234079+00:00
M07 Brass,brass production,Manufacturing of brass plate and strip; Grade H70; at plant,CN-JX-SRS,2023,"Unit process, black box",53,2,False,False,Independent external review,2105db85-b9f7-43fa-ab86-12bfb7f4ff7e,01.01.000,2026-08-08T09:39:27.545782+00:00
M07 Brass,brass production,Manufacturing of brass plate and strip; Grade H65; at plant,CN-JX-SRS,2023,"Unit process, black box",53,2,False,False,Independent external review,05d11d81-d0bf-4abb-9e87-ce1ed7cdcc9b,01.01.000,2026-08-08T09:38:35.313537+00:00
M07 Brass,brass rod,"Copper rodcasting; Melted, heat preserved, formed, cut, electrolytic copper, red copper, copper ingot, zinc ingot feedstock, GB/T 5231 compliant, rod grade; at plant",CN-GD-JMN,2021,"Unit process, black box",14,0,False,False,Dependent internal review,a1eb409a-e8f5-46c0-8913-c20d1cfcc73b,01.01.000,2026-08-02T22:06:03.193748+00:00
M07 Brass,brass rod,"Hot rolling and/or forging to bars and rods; Integrated route long-product finishing (rolling/forging); Production mix, at plant | GLO",GLO,2026,"Unit process, single operation",8,1,False,True,Not reviewed,45debbdc-ef51-431c-8139-d2faccb89f62,01.01.000,2026-08-08T09:40:21.34438+00:00
M07 Brass,brass rod,"Alloy steel bars/rods (hot-rolled); Hot rolling from billet/bloom; Production mix, at plant, CN",CN,2026,"Unit process, single operation",7,1,False,True,Not reviewed,f7b083c7-875b-4506-b69d-1e99a6f11e7f,01.01.000,2026-08-08T09:45:30.615928+00:00
M07 Brass,brass rod,"Hot working to bar/rod with hollow section; Hot rolling/forging + hollow section formation/sizing; Production mix, at plant | GLO",GLO,2026,"Unit process, single operation",6,0,False,False,Not reviewed,7657a874-9e05-486f-97fc-af1f6655b8d4,01.01.000,2026-08-08T09:41:48.211789+00:00
M07 Brass,brass rod,"Bars and rods of alloy steel, further worked than hot- or cold-processed; Further working/finishing beyond hot/cold processing; Production mix, at plant, CN",CN,2026,"Unit process, single operation",7,1,False,True,Not reviewed,58c37592-ea39-4718-af68-086d28df5204,01.01.000,2026-08-08T09:40:52.234079+00:00
M07 Brass,brass rod,"Module assembly and joining; Welding and/or bolting into bridge sections/tower/mast modules; Production mix, at plant, GLO",GLO,2026,"Unit process, single operation",6,0,False,False,Not reviewed,c1a0c4b1-d97e-4f3f-b940-dc1624653d58,01.01.000,2026-08-08T09:43:51.942351+00:00
M07 Brass,brass rod,"Machining and finishing of hollow drill bars/rods; End preparation/threading + finishing + inspection/packaging; Production mix, at plant | GLO",GLO,2026,"Unit process, single operation",7,0,False,False,Not reviewed,a43e0faf-f015-48da-97e0-d4001b04f1ef,01.01.000,2026-08-08T09:42:48.196683+00:00
M07 Brass,brass rod,"Hot-rolled bar/rod of silico-manganese steel; Hot rolling in bar/rod mill (incl. descaling/cooling); Production mix, at plant, GLO",GLO,2026,"Unit process, single operation",7,0,False,False,Not reviewed,964b3141-97f9-4689-afc1-c2bca991b30a,01.01.000,2026-08-08T09:42:16.43221+00:00
M07 Brass,brass rod,Manufacturing of brass plate and strip; Grade H65; at plant,CN-JX-SRS,2023,"Unit process, black box",53,2,False,False,Independent external review,05d11d81-d0bf-4abb-9e87-ce1ed7cdcc9b,01.01.000,2026-08-08T09:38:35.313537+00:00
M07 Brass,brass rod,Manufacturing of brass plate and strip; Grade H66; at plant,CN-JX-SRS,2023,"Unit process, black box",53,2,False,False,Independent external review,584fbfaf-7aa8-469f-9c07-594955a6dbcb,01.01.000,2026-08-08T09:40:52.234079+00:00
M07 Brass,copper zinc alloy,copper-based mixed waste recycling;Zinc;zinc recovery process;high-zinc ash,CN-JX,2020,"Unit process, single operation",18,0,False,False,Dependent internal review,c3bb26fd-982b-4316-aa5f-99c00ab8bfb5,01.01.000,2026-08-08T09:33:49.289991+00:00
M07 Brass,copper zinc alloy,"Wind musical instruments manufacturing; Surface finishing, assembly, testing and packaging; Production mix, at plant (CN)",CN,2026,"Unit process, single operation",9,0,False,False,Not reviewed,dea0df3f-26a5-4b4e-b04f-69d8aab64639,01.01.000,2026-09-19T09:33:24.543676+00:00
M07 Brass,copper zinc alloy,Manufacturing of brass plate and strip; Grade H62; at plant,CN-JX-SRS,2023,"Unit process, black box",53,2,False,False,Independent external review,6bf04663-ad5b-4897-bc56-c3fce1e2ad9d,01.01.000,2026-08-08T09:41:21.742833+00:00
M07 Brass,copper zinc alloy,Manufacturing of brass plate and strip; Grade H66; at plant,CN-JX-SRS,2023,"Unit process, black box",53,2,False,False,Independent external review,584fbfaf-7aa8-469f-9c07-594955a6dbcb,01.01.000,2026-08-08T09:40:52.234079+00:00
M07 Brass,copper zinc alloy,Manufacturing of brass plate and strip; Grade H70; at plant,CN-JX-SRS,2023,"Unit process, black box",53,2,False,False,Independent external review,2105db85-b9f7-43fa-ab86-12bfb7f4ff7e,01.01.000,2026-08-08T09:39:27.545782+00:00
M07 Brass,copper zinc alloy,Manufacturing of brass plate and strip; Grade H65; at plant,CN-JX-SRS,2023,"Unit process, black box",53,2,False,False,Independent external review,05d11d81-d0bf-4abb-9e87-ce1ed7cdcc9b,01.01.000,2026-08-08T09:38:35.313537+00:00
M07 Brass,copper zinc alloy,"Wind musical instruments parts fabrication; Metal forming and machining; Production mix, at plant (CN)",CN,2026,"Unit process, single operation",4,0,False,False,Not reviewed,acd90a4b-ed06-43f2-8af2-140f900cf0e3,01.01.000,2026-08-01T03:44:41.997049+00:00
M07 Brass,copper zinc alloy,"Wind musical instruments components preparation; Incoming materials receiving and preparation; Production mix, at plant (CN)",CN,2026,"Unit process, single operation",2,0,False,False,Not reviewed,0433e745-1324-4aed-ac7c-e57f8334d6f5,01.01.000,2026-06-26T13:22:25.50162+00:00
M07 Brass,copper zinc alloy,copper production; Primary copper，Hydrometallurgy，sulfide copper concentrates,CN,2010,"Unit process, single operation",13,1,False,False,Dependent internal review,675b5d99-b007-4505-a9ee-d980d781284d,01.01.001,2026-08-08T09:32:23.222098+00:00
M07 Brass,copper zinc alloy,"Copper in Chalcopyrite, 2.19%; Emergy process of mineral resources; natural mineralization, in nature",GLO,2024,"Unit process, single operation",2,0,False,False,Independent internal review,e0261d2c-61ea-428c-96cc-3c510e0a19e8,01.01.000,2026-08-02T14:11:47.290102+00:00
M08 Copper,copper wire,"secondary copper production; TSA process, cathode copper, waste wire; at plant",CN,2014,"Unit process, single operation",18,1,False,False,Dependent internal review,0b36c343-0e22-4ea0-b5dd-b835217dd234,01.01.000,2026-08-08T09:39:01.649736+00:00
M08 Copper,copper wire,"Primary copper, cathode; Primary production (pyrometallurgical/hydrometallurgical routes aggregated), at refinery gate; Production mix, China (CN)",CN,2026,"Unit process, single operation",4,0,False,True,Not reviewed,5ce62a40-7497-477c-864d-36e995b4dc90,01.01.000,2026-08-08T09:41:08.931898+00:00
M08 Copper,copper wire,"Conductor sizing/forming; Gate-to-gate manufacturing step (wire drawing/finishing); Production mix, at plant (GLO)",GLO,2026,"Unit process, single operation",5,0,False,False,Not reviewed,aa22754d-a015-4ab0-962b-d1db5075b8f7,01.01.000,2026-08-08T09:43:02.526168+00:00
M08 Copper,copper wire,"Copper conductor core (for >1000 V electric conductor); Conductor fabrication (forming/drawing/stranding), at plant; Production mix, at plant, China (CN)",CN,2026,"Unit process, single operation",5,0,False,False,Not reviewed,579563a2-3ed6-45cc-ad15-e3a48d901497,01.01.000,2026-08-08T09:40:52.234079+00:00
M08 Copper,copper wire,"Insulation application, curing, and finishing; Gate-to-gate manufacturing of finished insulated winding wire; Production mix, at plant (GLO)",GLO,2026,"Unit process, single operation",7,0,False,False,Not reviewed,8fd7eaa9-2ef1-4a86-aa6c-6902d229718f,01.01.000,2026-08-08T09:42:16.43221+00:00
M08 Copper,copper wire,Recycled copper rod manufacturing; Grade T2; In the factory,CN-AH-CIZ,2024,Partly terminated system,25,1,False,False,Independent external review,36a927af-eee0-4aef-957d-d138cb3ae11a,01.01.000,2026-08-08T09:39:55.588055+00:00
M08 Copper,copper wire,"Prepared metal stock for transformer parts; Cutting/blanking and conductor preparation, at plant; Production mix, CN",CN,2026,"Unit process, single operation",6,0,False,False,Not reviewed,44fa277c-7a2e-4732-b7a7-5f9f31cf6d29,01.01.000,2026-08-08T09:40:21.34438+00:00
M08 Copper,copper wire,"Other electric conductors, for a voltage exceeding 1000 V; Finished product manufacturing (finishing/testing/packaging), at plant; Production mix, at plant, China (CN)",CN,2026,"Unit process, single operation",7,0,False,True,Not reviewed,b1cd7bae-bad1-429a-9d2b-7f956162b075,01.01.000,2026-08-08T09:43:02.526168+00:00
M08 Copper,copper wire,"Manufacturing of wire; Copper cable,49.5MW onshore wind farm; at plant",CN-NM-XGO,2021,"Unit process, black box",3,0,True,False,Independent external review,acd2d25a-adb0-4121-befc-d72dc7b3cdc4,01.01.000,2026-08-02T22:08:23.834183+00:00
M08 Copper,copper wire,"Wire end preparation; Cutting, stripping, and terminal attachment, at plant; Production mix, GLO",GLO,2026,"Unit process, single operation",6,0,False,False,Not reviewed,758d96cf-6cc3-40c0-810a-9a4be23210fc,01.01.000,2026-08-08T09:41:48.211789+00:00
M08 Copper,copper cathode production,"Cathode copper production; Permanent stainless steel cathode electrolytic unit; Mixed production, in the factory",CN-HN,2019,"Unit process, single operation",7,0,False,False,Not reviewed,fa81aa2f-3b8d-4aff-beb7-c0fc2879ce35,01.01.001,2026-08-08T09:34:51.275443+00:00
M08 Copper,copper cathode production,"Primary copper, cathode; Primary production (pyrometallurgical/hydrometallurgical routes aggregated), at refinery gate; Production mix, China (CN)",CN,2026,"Unit process, single operation",4,0,False,True,Not reviewed,5ce62a40-7497-477c-864d-36e995b4dc90,01.01.000,2026-08-08T09:41:08.931898+00:00
M08 Copper,copper cathode production,"cathode copper production; pyrometallurgy; production mix, at plant",CN,2009,"Unit process, single operation",25,0,False,False,Dependent internal review,084b5b59-c7f8-4eb3-ae1a-5ebc1ab64a08,01.01.000,2026-08-02T21:33:19.738173+00:00
M08 Copper,copper cathode production,"primary copper production; Ore extraction, beneficiation, smelting and refining, copper and copper alloy production and quality standards; Production mix, in the factory",CN,2019,"Unit process, single operation",41,3,False,False,Dependent internal review,affec622-8421-4bf1-8abf-3b38a85e24da,01.01.000,2026-08-02T22:08:57.107799+00:00
M08 Copper,copper cathode production,The copper smelting process of Shuikoushan; The electrolysis stage of permanent stainless steel cathode method; Mixed production; In the factory,CN-HN-HNY,2020,"Unit process, single operation",4,0,False,False,Dependent internal review,ed0a97b6-da44-4bc5-9cf2-1b6a41f7944e,01.01.001,2026-08-08T09:34:26.537762+00:00
M08 Copper,copper cathode production,Jinfeng copper smelting process; Permanent stainless steel cathode electrolysis; Mixed production; In the factory,CN-NM-CFS,2019,"Unit process, single operation",4,0,False,False,Dependent internal review,d3ff7647-ee9a-4c34-a0f9-973607976371,01.01.001,2026-08-08T09:34:12.480028+00:00
M08 Copper,copper cathode production,cathode copper production;cathode copper;Hydrometallurgy;copper ore,CN,2009,"Unit process, single operation",18,0,False,False,Dependent internal review,14efd919-6751-4786-984b-7db230d0eb08,01.01.000,2026-08-02T21:35:56.182376+00:00
M08 Copper,copper cathode production,Cathode copper production; Bath smelting approach; Mixed production; In the factory,CN,2014,"Unit process, single operation",17,1,False,False,Dependent internal review,dd04ee02-83bb-425a-8f0f-800fda237ffc,01.01.001,2026-08-08T09:34:19.310684+00:00
M08 Copper,copper cathode production,"copper production; cathode copper; flash smelting approach; Production mix, in the factory",CN,2014,"Unit process, single operation",20,1,False,False,Dependent internal review,6d390a38-8a3d-410c-8192-60b70b0bd286,01.01.000,2026-08-08T09:41:21.742833+00:00
M08 Copper,copper cathode production,copper production;cathode copper; primary production by bath smelting approach;sulfide ore,CN,2014,"Unit process, single operation",19,1,False,False,Dependent internal review,b70a631e-ea11-4b12-b42c-b0f507a72f6d,01.01.000,2026-08-08T09:43:21.934485+00:00
M08 Copper,copper production,copper production; Primary copper，Hydrometallurgy，sulfide copper concentrates,CN,2010,"Unit process, single operation",13,1,False,False,Dependent internal review,675b5d99-b007-4505-a9ee-d980d781284d,01.01.001,2026-08-08T09:32:23.222098+00:00
M08 Copper,copper production,"Primary copper production;Refined copper;flash smelting and flash converting;copper ore; flash smelting and flash converting; copper ore; production mix, at plant, CN-AH",CN-AH,2022,"Unit process, single operation",30,1,False,False,Dependent internal review,47377856-2d3c-422f-8395-e401be885247,01.01.001,2026-08-08T09:31:28.062643+00:00
M08 Copper,copper production,"copper production; sulfide copper concentrates, pyrometallurgy; production mix, at plant",CN,2010,"Unit process, single operation",25,1,False,False,Dependent internal review,84f07e17-6318-47ba-a4d0-866068257bbd,01.01.000,2026-08-08T09:32:53.311825+00:00
M08 Copper,copper production,"Primary copper, cathode; Primary production (pyrometallurgical/hydrometallurgical routes aggregated), at refinery gate; Production mix, China (CN)",CN,2026,"Unit process, single operation",4,0,False,True,Not reviewed,5ce62a40-7497-477c-864d-36e995b4dc90,01.01.000,2026-08-08T09:41:08.931898+00:00
M08 Copper,copper production,"copper production; Secondary copper, pyrometallurgical production, mixed waste copper",CN,2010,"Unit process, single operation",18,1,False,False,Dependent internal review,c697e5ae-b758-46fe-8da9-32f0305a3ce2,01.01.001,2026-08-08T09:33:49.289991+00:00
M08 Copper,copper production,"Refined copper; Primary copper flash melting; Production mixing, in the factory",CN,2018,"Unit process, single operation",37,3,False,False,Dependent internal review,3ce0205e-7d23-4ac3-b31d-66cdbaa0b1a4,01.01.000,2026-08-02T21:44:11.10107+00:00
M08 Copper,copper production,Cathode copper production; Bath smelting approach; Mixed production; In the factory,CN,2014,"Unit process, single operation",17,1,False,False,Dependent internal review,dd04ee02-83bb-425a-8f0f-800fda237ffc,01.01.001,2026-08-08T09:34:19.310684+00:00
M08 Copper,copper production,"refined copper production; refined copper, copper pyrometallurgy, copper ore",CN,2011,"Unit process, single operation",20,3,False,False,Dependent internal review,dcd12894-0b02-4178-9d5e-6e219edbd71d,01.01.000,2026-08-01T03:48:03.3374+00:00
M08 Copper,copper production,copper production;cathode copper; primary production by bath smelting approach;sulfide ore,CN,2014,"Unit process, single operation",19,1,False,False,Dependent internal review,b70a631e-ea11-4b12-b42c-b0f507a72f6d,01.01.000,2026-08-08T09:43:21.934485+00:00
M08 Copper,copper production,"cathode copper production; pyrometallurgy; production mix, at plant",CN,2009,"Unit process, single operation",25,0,False,False,Dependent internal review,084b5b59-c7f8-4eb3-ae1a-5ebc1ab64a08,01.01.000,2026-08-02T21:33:19.738173+00:00
M09 Nylon,nylon 6 production,"Nylon fiber for carpet yarn; Fiber supply, cradle-to-gate; Production mix, at plant, GLO",GLO,2026,"Unit process, single operation",5,0,False,True,Not reviewed,86022c60-3373-44e6-b4f3-2cba458ac209,01.01.000,2026-08-08T09:42:02.902793+00:00
M09 Nylon,nylon 6 production,"Prepared fibre/yarn for net/tulle formation; Yarn preparation/handling (winding/warping etc.); Production mix, at plant, CN",CN,2026,"Unit process, single operation",4,0,False,False,Not reviewed,a177a693-ae3a-4707-9874-4fe71246552b,01.01.000,2026-08-08T09:42:48.196683+00:00
M09 Nylon,nylon 6 production,"Household sewing machine parts and subassemblies; Pre-assembly manufacturing (metal forming + plastic molding + purchased parts); Production mix, at plant, GLO",GLO,2026,"Unit process, single operation",6,0,False,False,Not reviewed,44861d1a-7c98-402f-9bc1-f76c8208899f,01.01.000,2026-08-02T21:45:49.947394+00:00
M09 Nylon,nylon 6 production,"Carpet tufting (nylon face yarn into primary backing); Manufacturing step, tufting; Production mix, at plant",GLO,2026,"Unit process, single operation",5,0,False,False,Not reviewed,eea12cbb-7a08-469d-b628-96f24d4ffb22,01.01.000,2026-08-08T09:45:15.560277+00:00
M09 Nylon,nylon 6 production,"Sewing machine parts fabrication; Metal/plastic parts fabricated, at plant; Production mix, CN",CN,2026,"Unit process, single operation",9,0,False,False,Not reviewed,0cc14e4c-6d10-4513-9f07-bbcfb7363331,01.01.000,2026-08-08T09:39:01.649736+00:00
M09 Nylon,nylon 6 production,"Carpet drying/curing and finishing (incl. cutting/rolling/packaging); Finished product, manufactured; Production mix, at plant",GLO,2026,"Unit process, single operation",6,0,False,False,Not reviewed,f87ffbaa-1ba4-4587-9cfb-0910a1d67998,01.01.000,2026-08-08T09:45:30.615928+00:00
M09 Nylon,nylon 6 production,"Mechanical shovels, excavators and shovel loaders, self-propelled, with a 360-degree revolving superstructure, except front-end shovel loaders; Final mechanical/hydraulic/electrical assembly + testing (cradle-to-gate at plant); Production mix, at plant, CN",CN,2026,"Unit process, single operation",8,0,False,False,Not reviewed,062d0175-53a7-4c46-bcf8-6eaa81e1fb04,01.01.000,2026-08-08T09:38:35.313537+00:00
M09 Nylon,nylon 6 production,"large yellow croaker production; deep water windstorm cage culture; production mix, at plant",CN-ZJ-ZOS,2014,"Unit process, black box",8,0,False,False,Dependent internal review,08564f41-01c8-49c2-ad8e-d589ebf2da58,01.01.000,2026-08-08T09:29:00.849165+00:00
M09 Nylon,nylon 6 production,"Bought-in components procurement and kitting; Inbound supply to plant, kitting; Production mix, GLO",GLO,2026,"Unit process, single operation",8,0,False,False,Not reviewed,daf540aa-52d0-46ce-9757-5d94992c4907,01.01.000,2026-08-01T03:48:03.3374+00:00
M09 Nylon,nylon 6 production,"Dryer parts and subassemblies fabrication; Metal forming + polymer molding (inferred from appliance manufacturing); Production mix, at plant, CN",CN,2026,"Unit process, single operation",10,0,False,False,Not reviewed,e05ea24f-d742-4fa2-9df5-bd6ee6f57026,01.01.000,2026-08-01T03:48:03.3374+00:00
M09 Nylon,polyamide 6,"Household sewing machine parts and subassemblies; Pre-assembly manufacturing (metal forming + plastic molding + purchased parts); Production mix, at plant, GLO",GLO,2026,"Unit process, single operation",6,0,False,False,Not reviewed,44861d1a-7c98-402f-9bc1-f76c8208899f,01.01.000,2026-08-02T21:45:49.947394+00:00
M09 Nylon,polyamide 6,"Dryer parts and subassemblies fabrication; Metal forming + polymer molding (inferred from appliance manufacturing); Production mix, at plant, CN",CN,2026,"Unit process, single operation",10,0,False,False,Not reviewed,e05ea24f-d742-4fa2-9df5-bd6ee6f57026,01.01.000,2026-08-01T03:48:03.3374+00:00
M09 Nylon,polyamide 6,"Carpet drying/curing and finishing (incl. cutting/rolling/packaging); Finished product, manufactured; Production mix, at plant",GLO,2026,"Unit process, single operation",6,0,False,False,Not reviewed,f87ffbaa-1ba4-4587-9cfb-0910a1d67998,01.01.000,2026-08-08T09:45:30.615928+00:00
M09 Nylon,polyamide 6,"Sewing machine parts fabrication; Metal/plastic parts fabricated, at plant; Production mix, CN",CN,2026,"Unit process, single operation",9,0,False,False,Not reviewed,0cc14e4c-6d10-4513-9f07-bbcfb7363331,01.01.000,2026-08-08T09:39:01.649736+00:00
M09 Nylon,polyamide 6,"Nylon fiber for carpet yarn; Fiber supply, cradle-to-gate; Production mix, at plant, GLO",GLO,2026,"Unit process, single operation",5,0,False,True,Not reviewed,86022c60-3373-44e6-b4f3-2cba458ac209,01.01.000,2026-08-08T09:42:02.902793+00:00
M09 Nylon,polyamide 6,"Bought-in components procurement and kitting; Inbound supply to plant, kitting; Production mix, GLO",GLO,2026,"Unit process, single operation",8,0,False,False,Not reviewed,daf540aa-52d0-46ce-9757-5d94992c4907,01.01.000,2026-08-01T03:48:03.3374+00:00
M09 Nylon,polyamide 6,"Mechanical shovels, excavators and shovel loaders, self-propelled, with a 360-degree revolving superstructure, except front-end shovel loaders; Final mechanical/hydraulic/electrical assembly + testing (cradle-to-gate at plant); Production mix, at plant, CN",CN,2026,"Unit process, single operation",8,0,False,False,Not reviewed,062d0175-53a7-4c46-bcf8-6eaa81e1fb04,01.01.000,2026-08-08T09:38:35.313537+00:00
M09 Nylon,polyamide 6,"Carpet backing application and lamination; Manufacturing step, latex/adhesive coating and secondary backing; Production mix, at plant",GLO,2026,"Unit process, single operation",6,0,False,False,Not reviewed,c5ee2516-404a-45a6-ab16-48791bca0b05,01.01.000,2026-08-08T09:43:51.942351+00:00
M09 Nylon,polyamide 6,"Plastic parts production; Injection molding; Production mix, at plant (CN)",CN,2026,"Unit process, single operation",6,0,False,False,Not reviewed,57a0f9dd-16c3-43e5-9667-88ec2c7d1dbe,01.01.000,2026-08-08T09:40:52.234079+00:00
M09 Nylon,polyamide 6,"Plastic parts molding for household washing/drying appliances; Injection molding, in-house at appliance plant; Production mix, CN",CN,2026,"Unit process, single operation",4,0,False,True,Not reviewed,23dce232-98e5-40d5-8d20-5c9b991603e4,01.01.000,2026-08-08T09:39:27.545782+00:00
M09 Nylon,nylon 66 production,"Nylon fiber for carpet yarn; Fiber supply, cradle-to-gate; Production mix, at plant, GLO",GLO,2026,"Unit process, single operation",5,0,False,True,Not reviewed,86022c60-3373-44e6-b4f3-2cba458ac209,01.01.000,2026-08-08T09:42:02.902793+00:00
M09 Nylon,polyamide 66,"Prepared fibre/yarn for net/tulle formation; Yarn preparation/handling (winding/warping etc.); Production mix, at plant, CN",CN,2026,"Unit process, single operation",4,0,False,False,Not reviewed,a177a693-ae3a-4707-9874-4fe71246552b,01.01.000,2026-08-08T09:42:48.196683+00:00
M09 Nylon,polyamide 66,"Nylon fiber for carpet yarn; Fiber supply, cradle-to-gate; Production mix, at plant, GLO",GLO,2026,"Unit process, single operation",5,0,False,True,Not reviewed,86022c60-3373-44e6-b4f3-2cba458ac209,01.01.000,2026-08-08T09:42:02.902793+00:00
M09 Nylon,polyamide 66,"Parts and accessories for the goods of subclasses 48263 and 48264; Finished product, manufactured (gate-to-gate plant operations aggregated); Production mix, at plant (GLO)",GLO,2026,"Unit process, single operation",10,0,False,False,Not reviewed,a64821f9-38e8-427b-83fa-f792eeeaa65a,01.01.000,2026-09-19T09:33:24.543676+00:00
M09 Nylon,polyamide 66,"Assembled plastic apparel/accessories (unpackaged); Joining/assembly (sewing/heat-seal/RF weld) route; Production mix, at plant (GLO)",GLO,2026,"Unit process, single operation",7,0,False,False,Not reviewed,65bd9868-3de4-4504-9458-66b3fe1ecbd3,01.01.000,2026-08-08T09:41:08.931898+00:00
M09 Nylon,polyamide 66,"Yarn of man-made filaments, multiple or cabled (other than sewing thread, high tenacity yarn of polyamides, polyesters or viscose rayon), not put up for retail sale; Finished product, manufactured | winding to industrial packages (non-retail); Production mix, at plant | GLO",GLO,2026,"Unit process, single operation",3,0,False,False,Not reviewed,b2b4b572-5772-4592-a6dc-bacc2a9044a4,01.01.000,2026-08-08T09:43:02.526168+00:00
M09 Nylon,polyamide 66,"Woven carpet greige (unbacked); Weaving (woven construction; no tufting/flocking), at plant; Production mix, at plant, GLO",GLO,2026,"Unit process, single operation",4,0,False,False,Not reviewed,c0fdd5b2-78b1-44c8-b4b5-4fd8e177c19b,01.01.000,2026-08-08T09:43:21.934485+00:00
M09 Nylon,polyamide 66,"Multiple or cabled man-made filament yarn; Finished product, manufactured | plying/cabling by twisting; Production mix, at plant | GLO",GLO,2026,"Unit process, single operation",3,0,False,False,Not reviewed,f5211947-75ba-4a75-a25c-9cc69b47d6fd,01.01.000,2026-08-08T09:45:15.560277+00:00
M09 Nylon,polyamide 66,"Carpet tufting (nylon face yarn into primary backing); Manufacturing step, tufting; Production mix, at plant",GLO,2026,"Unit process, single operation",5,0,False,False,Not reviewed,eea12cbb-7a08-469d-b628-96f24d4ffb22,01.01.000,2026-08-08T09:45:15.560277+00:00
M09 Nylon,polyamide 66,"Baby carriages and parts thereof; Final assembly and in-line testing, gate-to-gate; Production mix, at plant, GLO",GLO,2026,"Unit process, single operation",5,0,False,False,Not reviewed,930fc4c6-446e-419e-a667-b50bd6262c21,01.01.000,2026-08-08T09:42:16.43221+00:00
M09 Nylon,polyamide 66,"Knitted fabric, greige (undyed); Intermediate, knitted at plant (for baby garments route); Production mix, at plant | GLO",GLO,2026,"Unit process, single operation",4,0,False,False,Not reviewed,72e4429e-e158-41df-a1a4-55c572dfbba1,01.01.000,2026-08-08T09:32:30.40565+00:00
M10 POM,polyoxymethylene,Glyphosate production; Glycine process; at plant,CN,2007,LCI result,40,0,False,False,Dependent internal review,03b5e45c-217e-4fbd-aedf-c58994f152e5,01.01.000,2026-08-02T21:32:36.0337+00:00
M10 POM,polyacetal resin,"Plastic resin for doll/figure parts; Supplied to toy manufacturing, cradle-to-gate; Production mix, CN",CN,2026,"Unit process, single operation",4,0,False,False,Not reviewed,a9d8158d-4fa7-4b4a-a15c-7ef22175c173,01.01.000,2026-08-08T09:43:02.526168+00:00
M10 POM,polyacetal resin,"Polymer resin conditioning; Receiving + drying/conditioning, gate-to-gate; Production mix, at plant | GLO",GLO,2026,"Unit process, single operation",3,0,False,False,Not reviewed,4c5bd735-650c-478e-85dc-0ae7382f9fc0,01.01.000,2026-08-08T09:40:21.34438+00:00
M10 POM,polyacetal resin,"Plastic polymer resin; Supply to headgear plant, upstream resin (PVC plausible); Production mix, CN",CN,2026,"Unit process, single operation",4,0,False,False,Not reviewed,6b83f31b-43b5-401d-b9da-14ae133badb0,01.01.000,2026-08-08T09:41:21.742833+00:00
M10 POM,polyacetal resin,"Plastic resin drying/conditioning; Gate-to-gate, upstream conditioning for injection moulding; Production mix, at plant (GLO)",GLO,2026,"Unit process, single operation",3,0,False,False,Not reviewed,7b3200d3-d7a6-4b82-9f6e-8addf2dabc20,01.01.000,2026-08-08T09:41:48.211789+00:00
M10 POM,polyacetal resin,"Resin blending for particleboard furnish; UF (or similar synthetic) adhesive addition and mixing, conventional route; Production mix, at plant (GLO)",GLO,2026,"Unit process, single operation",5,0,False,False,Not reviewed,a9552de7-63c9-4b83-bb0e-e7a5c4f5a6d1,01.01.000,2026-08-08T09:43:02.526168+00:00
M10 POM,polyacetal resin,"Resin preparation for plastic household articles; Compounding / blending and drying (as needed); Production mix, at plant (CN)",CN,2026,"Unit process, single operation",4,0,False,False,Not reviewed,88b9f5a4-2cca-48cb-b554-1ea29ca1f930,01.01.000,2026-08-08T09:42:02.902793+00:00
M10 POM,polyacetal resin,"Polycarbonate (PC) resin pellets/granulate; Upstream resin supply, cradle-to-gate; Production mix, at plant, CN",CN,2026,"Unit process, single operation",7,0,False,True,Not reviewed,be9a3b27-0da5-4514-87df-038e3c96c1ec,01.01.000,2026-09-19T09:33:24.543676+00:00
M10 POM,polyacetal resin,The finished product stage of epoxy resin production; The finished product stage includes slicing packaging and dissolution packaging; Production mixing takes place in the factory,CN-JS,2020,"Unit process, single operation",4,0,False,False,Not reviewed,b92c98dd-662b-4019-a32a-a6f35ad72b3c,01.01.000,2026-08-02T14:10:08.701266+00:00
M10 POM,polyacetal resin,"Electrical resistors (except heating resistors); Incoming material receiving and preparation, conventional discrete resistor route; Production mix, at plant, GLO",GLO,2026,"Unit process, single operation",7,0,False,True,Not reviewed,92558199-25d3-461c-96b7-ac8d92fd97ec,01.01.000,2026-08-08T09:33:00.851662+00:00
M10 POM,polyacetal resin,Resin production; Total of all wind farm; at plant,CN-NM,2017,"Unit process, single operation",6,2,False,False,Dependent internal review,ae01bd69-67dd-4ea2-8e93-54edacd6ab5b,01.01.000,2026-08-01T03:44:41.997049+00:00
M10 POM,POM resin,"Plastic resin for doll/figure parts; Supplied to toy manufacturing, cradle-to-gate; Production mix, CN",CN,2026,"Unit process, single operation",4,0,False,False,Not reviewed,a9d8158d-4fa7-4b4a-a15c-7ef22175c173,01.01.000,2026-08-08T09:43:02.526168+00:00
M10 POM,POM resin,"Polycarbonate (PC) resin pellets/granulate; Upstream resin supply, cradle-to-gate; Production mix, at plant, CN",CN,2026,"Unit process, single operation",7,0,False,True,Not reviewed,be9a3b27-0da5-4514-87df-038e3c96c1ec,01.01.000,2026-09-19T09:33:24.543676+00:00
M10 POM,POM resin,"Plastic polymer resin; Supply to headgear plant, upstream resin (PVC plausible); Production mix, CN",CN,2026,"Unit process, single operation",4,0,False,False,Not reviewed,6b83f31b-43b5-401d-b9da-14ae133badb0,01.01.000,2026-08-08T09:41:21.742833+00:00
M10 POM,POM resin,"Polymer resin conditioning; Receiving + drying/conditioning, gate-to-gate; Production mix, at plant | GLO",GLO,2026,"Unit process, single operation",3,0,False,False,Not reviewed,4c5bd735-650c-478e-85dc-0ae7382f9fc0,01.01.000,2026-08-08T09:40:21.34438+00:00
M10 POM,POM resin,"Resin preparation for plastic household articles; Compounding / blending and drying (as needed); Production mix, at plant (CN)",CN,2026,"Unit process, single operation",4,0,False,False,Not reviewed,88b9f5a4-2cca-48cb-b554-1ea29ca1f930,01.01.000,2026-08-08T09:42:02.902793+00:00
M10 POM,POM resin,"Plastic resin drying/conditioning; Gate-to-gate, upstream conditioning for injection moulding; Production mix, at plant (GLO)",GLO,2026,"Unit process, single operation",3,0,False,False,Not reviewed,7b3200d3-d7a6-4b82-9f6e-8addf2dabc20,01.01.000,2026-08-08T09:41:48.211789+00:00
M10 POM,POM resin,"Resin blending for particleboard furnish; UF (or similar synthetic) adhesive addition and mixing, conventional route; Production mix, at plant (GLO)",GLO,2026,"Unit process, single operation",5,0,False,False,Not reviewed,a9552de7-63c9-4b83-bb0e-e7a5c4f5a6d1,01.01.000,2026-08-08T09:43:02.526168+00:00
M10 POM,POM resin,Resin production; Total of all wind farm; at plant,CN-NM,2017,"Unit process, single operation",6,2,False,False,Dependent internal review,ae01bd69-67dd-4ea2-8e93-54edacd6ab5b,01.01.000,2026-08-01T03:44:41.997049+00:00
M10 POM,POM resin,The finished product stage of epoxy resin production; The finished product stage includes slicing packaging and dissolution packaging; Production mixing takes place in the factory,CN-JS,2020,"Unit process, single operation",4,0,False,False,Not reviewed,b92c98dd-662b-4019-a32a-a6f35ad72b3c,01.01.000,2026-08-02T14:10:08.701266+00:00
M10 POM,POM resin,"Polyvinyl chloride (PVC) resin; Primary resin, produced via EDC/VCM and polymerization; Production mix, CN",CN,2026,"Unit process, single operation",5,0,False,False,Not reviewed,60af6c08-9033-4e4f-b0f4-efb04468addc,01.01.000,2026-08-08T09:41:08.931898+00:00
M11 PC,polycarbonate production,"Polycarbonate (PC) resin pellets/granulate; Upstream resin supply, cradle-to-gate; Production mix, at plant, CN",CN,2026,"Unit process, single operation",7,0,False,True,Not reviewed,be9a3b27-0da5-4514-87df-038e3c96c1ec,01.01.000,2026-09-19T09:33:24.543676+00:00
M11 PC,polycarbonate production,"Optical disc substrate molding; Injection molding at plant; Production mix, at plant, CN",CN,2026,"Unit process, single operation",6,0,False,False,Not reviewed,68406879-9fec-4236-a514-18e64ebb5c91,01.01.000,2026-08-08T09:41:21.742833+00:00
M11 PC,polycarbonate production,"Offshore substation construction; One substation for the 670 MW floating offshore wind farm; Project-specific foreground, at plant, China",CN,2023,"Unit process, black box",9,1,False,False,Dependent internal review,7eed5e33-f05c-41bc-8bd0-4f9c60b46594,01.01.004,2026-09-04T01:41:14.204909+00:00
M11 PC,polycarbonate resin,"Polycarbonate (PC) resin pellets/granulate; Upstream resin supply, cradle-to-gate; Production mix, at plant, CN",CN,2026,"Unit process, single operation",7,0,False,True,Not reviewed,be9a3b27-0da5-4514-87df-038e3c96c1ec,01.01.000,2026-09-19T09:33:24.543676+00:00
M11 PC,polycarbonate resin,"Optical disc substrate molding; Injection molding at plant; Production mix, at plant, CN",CN,2026,"Unit process, single operation",6,0,False,False,Not reviewed,68406879-9fec-4236-a514-18e64ebb5c91,01.01.000,2026-08-08T09:41:21.742833+00:00
M11 PC,polycarbonate resin,"Offshore substation construction; One substation for the 670 MW floating offshore wind farm; Project-specific foreground, at plant, China",CN,2023,"Unit process, black box",9,1,False,False,Dependent internal review,7eed5e33-f05c-41bc-8bd0-4f9c60b46594,01.01.004,2026-09-04T01:41:14.204909+00:00
M12 Silicone,silicone rubber production,"toluene production; naphtha route; production mix, at plant",CN,2006,"Unit process, black box",12,2,False,False,Dependent internal review,a48cec96-d315-4ee2-8007-745a89ada2a8,01.01.000,2026-08-08T09:33:35.982026+00:00
M12 Silicone,silicone,"toluene production; naphtha route; production mix, at plant",CN,2006,"Unit process, black box",12,2,False,False,Dependent internal review,a48cec96-d315-4ee2-8007-745a89ada2a8,01.01.000,2026-08-08T09:33:35.982026+00:00
M12 Silicone,silicone,Metallurgical silicon production; carbothermic reduction process; at plant,CN-NX,2024,"Unit process, single operation",13,1,False,False,Independent internal review,986c93a2-4150-4e9f-8cd4-1c866f385df6,01.01.001,2026-08-08T09:42:16.43221+00:00
M12 Silicone,polydimethylsiloxane,Solar grade silicon production; used for Polysilicon ingot casting; at plant,CN-NX,2024,"Unit process, single operation",12,0,False,False,Independent internal review,13879617-347b-4b50-ba33-7074bcc026af,01.01.001,2026-09-19T09:33:24.543676+00:00
M12 Silicone,polydimethylsiloxane,Polycrystalline silicon ingot casting; used for PV panel production; at plant,CN-NX,2017,"Unit process, single operation",7,0,False,False,Independent external review,626e3627-4aa8-4694-82a3-c88de16122a3,01.01.004,2026-08-14T13:20:51.992974+00:00
M12 Silicone,polydimethylsiloxane,Polysilicon wafer production; used for PV panel production; at plant,CN-NX,2017,"Unit process, single operation",26,0,False,False,Dependent internal review,5fb81e93-8f3f-4033-8ea6-4878103f353b,01.01.001,2026-09-19T09:33:24.543676+00:00
M12 Silicone,polydimethylsiloxane,"Silicon ore mining; multiple-row delay blasting technique; production mix, at plant",CN,2017,"Unit process, single operation",12,1,False,False,Not reviewed,8843f977-d14a-4c52-91a5-cd3c89866c7e,01.01.001,2026-08-08T09:42:02.902793+00:00
M12 Silicone,polydimethylsiloxane,"solar grade multi-Si production ; solar grade multi-Si, improved Siemens process",CN,2013,"Unit process, single operation",16,0,False,False,Dependent internal review,558ab08b-2f17-480f-b907-9920c3b70487,01.01.000,2026-08-08T09:31:38.728954+00:00
M12 Silicone,polydimethylsiloxane,Solar grade multi-Si purification ; Solar grade multi-Si ; Improved Siemens,CN,2014,"Unit process, single operation",16,2,False,False,Dependent internal review,79fcaa54-e26a-4d57-ab7a-f2b1cd795462,01.01.000,2026-08-08T09:32:30.40565+00:00
M12 Silicone,polydimethylsiloxane,SoG-Si production; the modified Siemens method; at plant,CN,2020,"Unit process, single operation",30,0,False,False,Dependent internal review,3c293ad8-dc85-43da-a31f-b4f9e2a4f048,01.01.001,2026-09-26T15:11:59.099892+00:00
M12 Silicone,polydimethylsiloxane,"solar grade silicon; Improved Siemens method; Production mix, at plant",CN-XJ,2025,"Unit process, black box",16,0,False,False,Independent external review,77b880c3-c55a-4d4a-b64e-12e3b17de084,01.01.000,2026-08-08T09:32:30.40565+00:00
M12 Silicone,polydimethylsiloxane,Manufacturing of solar-grade polycrystalline silicon; modified Siemens process; at plant,CN,2013,"Unit process, single operation",18,0,False,False,Dependent internal review,0f45bf46-ce58-4c66-9631-a3d1ce4674aa,01.01.001,2026-08-08T09:39:01.649736+00:00
M12 Silicone,polydimethylsiloxane,"White carbon black production; white carbon black powder, vapor phase method, methyl trichlorosilane; Production Mixture, In Factory",CN,2015,"Unit process, single operation",10,1,False,False,Dependent internal review,a91a1616-8c7d-4d9f-828f-3b76a281e05d,01.01.000,2026-08-08T09:33:35.982026+00:00
